threshold,fpr,tpr
0.000000000000000000e+00,0.000000000000000000e+00,0.000000000000000000e+00
2.506265664160400863e-03,0.000000000000000000e+00,0.000000000000000000e+00
5.012531328320801727e-03,0.000000000000000000e+00,0.000000000000000000e+00
7.518796992481202590e-03,0.000000000000000000e+00,0.000000000000000000e+00
1.002506265664160345e-02,0.000000000000000000e+00,0.000000000000000000e+00
1.253132832080200432e-02,0.000000000000000000e+00,0.000000000000000000e+00
1.503759398496240518e-02,0.000000000000000000e+00,0.000000000000000000e+00
1.754385964912280604e-02,0.000000000000000000e+00,3.333333333333333547e-03
2.005012531328320691e-02,0.000000000000000000e+00,3.333333333333333547e-03
2.255639097744360777e-02,0.000000000000000000e+00,3.333333333333333547e-03
2.506265664160400863e-02,0.000000000000000000e+00,3.333333333333333547e-03
2.756892230576440950e-02,0.000000000000000000e+00,3.333333333333333547e-03
3.007518796992481036e-02,0.000000000000000000e+00,3.333333333333333547e-03
3.258145363408521122e-02,0.000000000000000000e+00,6.666666666666667095e-03
3.508771929824561209e-02,0.000000000000000000e+00,1.333333333333333419e-02
3.759398496240601295e-02,0.000000000000000000e+00,1.666666666666666644e-02
4.010025062656641381e-02,0.000000000000000000e+00,2.000000000000000042e-02
4.260651629072681468e-02,0.000000000000000000e+00,2.333333333333333440e-02
4.511278195488721554e-02,0.000000000000000000e+00,2.666666666666666838e-02
4.761904761904761640e-02,0.000000000000000000e+00,2.666666666666666838e-02
5.012531328320801727e-02,0.000000000000000000e+00,2.999999999999999889e-02
5.263157894736841813e-02,0.000000000000000000e+00,2.999999999999999889e-02
5.513784461152881899e-02,0.000000000000000000e+00,3.666666666666666685e-02
5.764411027568921986e-02,0.000000000000000000e+00,5.000000000000000278e-02
6.015037593984962072e-02,0.000000000000000000e+00,5.000000000000000278e-02
6.265664160401002158e-02,0.000000000000000000e+00,5.000000000000000278e-02
6.516290726817042245e-02,0.000000000000000000e+00,6.333333333333333870e-02
6.766917293233082331e-02,0.000000000000000000e+00,7.000000000000000666e-02
7.017543859649122417e-02,0.000000000000000000e+00,7.333333333333333370e-02
7.268170426065162504e-02,0.000000000000000000e+00,8.000000000000000167e-02
7.518796992481202590e-02,0.000000000000000000e+00,8.999999999999999667e-02
7.769423558897242676e-02,0.000000000000000000e+00,9.333333333333333759e-02
8.020050125313282763e-02,0.000000000000000000e+00,1.133333333333333276e-01
8.270676691729322849e-02,0.000000000000000000e+00,1.266666666666666774e-01
8.521303258145362935e-02,0.000000000000000000e+00,1.300000000000000044e-01
8.771929824561403022e-02,0.000000000000000000e+00,1.366666666666666585e-01
9.022556390977443108e-02,0.000000000000000000e+00,1.499999999999999944e-01
9.273182957393483195e-02,0.000000000000000000e+00,1.533333333333333215e-01
9.523809523809523281e-02,0.000000000000000000e+00,1.666666666666666574e-01
9.774436090225563367e-02,0.000000000000000000e+00,1.700000000000000122e-01
1.002506265664160345e-01,0.000000000000000000e+00,1.833333333333333204e-01
1.027568922305764354e-01,0.000000000000000000e+00,2.066666666666666652e-01
1.052631578947368363e-01,0.000000000000000000e+00,2.133333333333333470e-01
1.077694235588972371e-01,0.000000000000000000e+00,2.399999999999999911e-01
1.102756892230576380e-01,2.000000000000000096e-04,2.500000000000000000e-01
1.127819548872180389e-01,2.000000000000000096e-04,2.600000000000000089e-01
1.152882205513784397e-01,2.000000000000000096e-04,2.633333333333333082e-01
1.177944862155388406e-01,2.000000000000000096e-04,2.800000000000000266e-01
1.203007518796992414e-01,2.000000000000000096e-04,2.999999999999999889e-01
1.228070175438596423e-01,2.000000000000000096e-04,3.200000000000000067e-01
1.253132832080200432e-01,2.000000000000000096e-04,3.266666666666666607e-01
1.278195488721804440e-01,2.000000000000000096e-04,3.333333333333333148e-01
1.303258145363408449e-01,2.000000000000000096e-04,3.400000000000000244e-01
1.328320802005012458e-01,2.000000000000000096e-04,3.499999999999999778e-01
1.353383458646616466e-01,2.000000000000000096e-04,3.599999999999999867e-01
1.378446115288220475e-01,2.000000000000000096e-04,3.633333333333333415e-01
1.403508771929824483e-01,2.000000000000000096e-04,3.666666666666666408e-01
1.428571428571428492e-01,2.000000000000000096e-04,3.866666666666666585e-01
1.453634085213032501e-01,4.000000000000000192e-04,4.033333333333333215e-01
1.478696741854636509e-01,5.999999999999999474e-04,4.133333333333333304e-01
1.503759398496240518e-01,5.999999999999999474e-04,4.233333333333333393e-01
1.528822055137844527e-01,5.999999999999999474e-04,4.299999999999999933e-01
1.553884711779448535e-01,5.999999999999999474e-04,4.433333333333333570e-01
1.578947368421052544e-01,1.199999999999999895e-03,4.699999999999999734e-01
1.604010025062656553e-01,1.600000000000000077e-03,4.733333333333333282e-01
1.629072681704260561e-01,1.799999999999999951e-03,4.866666666666666918e-01
1.654135338345864570e-01,2.000000000000000042e-03,4.933333333333333459e-01
1.679197994987468578e-01,2.000000000000000042e-03,4.933333333333333459e-01
1.704260651629072587e-01,2.599999999999999881e-03,5.033333333333332993e-01
1.729323308270676596e-01,2.799999999999999972e-03,5.133333333333333082e-01
1.754385964912280604e-01,3.599999999999999901e-03,5.266666666666666163e-01
1.779448621553884613e-01,4.000000000000000083e-03,5.466666666666666341e-01
1.804511278195488622e-01,4.599999999999999922e-03,5.566666666666666430e-01
1.829573934837092630e-01,5.599999999999999943e-03,5.733333333333333615e-01
1.854636591478696639e-01,6.599999999999999964e-03,5.799999999999999600e-01
1.879699248120300648e-01,7.199999999999999803e-03,5.999999999999999778e-01
1.904761904761904656e-01,8.399999999999999481e-03,6.033333333333333881e-01
1.929824561403508665e-01,9.799999999999999684e-03,6.066666666666666874e-01
1.954887218045112673e-01,1.119999999999999989e-02,6.300000000000000044e-01
1.979949874686716682e-01,1.200000000000000025e-02,6.300000000000000044e-01
2.005012531328320691e-01,1.340000000000000045e-02,6.400000000000000133e-01
2.030075187969924699e-01,1.540000000000000049e-02,6.466666666666666119e-01
2.055137844611528708e-01,1.799999999999999864e-02,6.500000000000000222e-01
2.080200501253132717e-01,1.859999999999999848e-02,6.500000000000000222e-01
2.105263157894736725e-01,2.060000000000000026e-02,6.533333333333333215e-01
2.130325814536340734e-01,2.259999999999999856e-02,6.633333333333333304e-01
2.155388471177944743e-01,2.460000000000000034e-02,6.666666666666666297e-01
2.180451127819548751e-01,2.779999999999999832e-02,6.733333333333333393e-01
2.205513784461152760e-01,3.200000000000000067e-02,6.766666666666666385e-01
2.230576441102756768e-01,3.420000000000000123e-02,6.899999999999999467e-01
2.255639097744360777e-01,3.860000000000000236e-02,6.933333333333333570e-01
2.280701754385964786e-01,4.159999999999999809e-02,6.999999999999999556e-01
2.305764411027568794e-01,4.519999999999999712e-02,7.133333333333333748e-01
2.330827067669172803e-01,4.859999999999999737e-02,7.199999999999999734e-01
2.355889724310776812e-01,5.240000000000000213e-02,7.266666666666666829e-01
2.380952380952380820e-01,5.500000000000000028e-02,7.333333333333332815e-01
2.406015037593984829e-01,5.979999999999999899e-02,7.366666666666666918e-01
2.431077694235588837e-01,6.460000000000000464e-02,7.399999999999999911e-01
2.456140350877192846e-01,6.859999999999999432e-02,7.433333333333332904e-01
2.481203007518796855e-01,7.380000000000000449e-02,7.533333333333332993e-01
2.506265664160400863e-01,7.839999999999999747e-02,7.600000000000000089e-01
2.531328320802004872e-01,8.219999999999999529e-02,7.633333333333333082e-01
2.556390977443608881e-01,8.759999999999999731e-02,7.666666666666667185e-01
2.581453634085212889e-01,9.220000000000000417e-02,7.700000000000000178e-01
2.606516290726816898e-01,9.779999999999999805e-02,7.700000000000000178e-01
2.631578947368420907e-01,1.039999999999999952e-01,7.733333333333333171e-01
2.656641604010024915e-01,1.117999999999999966e-01,7.766666666666666163e-01
2.681704260651628924e-01,1.185999999999999971e-01,7.800000000000000266e-01
2.706766917293232932e-01,1.277999999999999969e-01,7.866666666666666252e-01
2.731829573934836941e-01,1.333999999999999908e-01,7.933333333333333348e-01
2.756892230576440950e-01,1.428000000000000103e-01,7.966666666666666341e-01
2.781954887218044958e-01,1.497999999999999887e-01,8.000000000000000444e-01
2.807017543859648967e-01,1.570000000000000007e-01,8.000000000000000444e-01
2.832080200501252976e-01,1.675999999999999990e-01,8.033333333333333437e-01
2.857142857142856984e-01,1.738000000000000100e-01,8.033333333333333437e-01
2.882205513784460993e-01,1.816000000000000114e-01,8.033333333333333437e-01
2.907268170426065002e-01,1.890000000000000013e-01,8.033333333333333437e-01
2.932330827067669010e-01,1.973999999999999921e-01,8.100000000000000533e-01
2.957393483709273019e-01,2.064000000000000001e-01,8.133333333333333526e-01
2.982456140350877027e-01,2.174000000000000099e-01,8.199999999999999512e-01
3.007518796992481036e-01,2.265999999999999959e-01,8.199999999999999512e-01
3.032581453634085045e-01,2.349999999999999867e-01,8.233333333333333615e-01
3.057644110275689053e-01,2.454000000000000070e-01,8.266666666666666607e-01
3.082706766917293062e-01,2.555999999999999939e-01,8.266666666666666607e-01
3.107769423558897071e-01,2.674000000000000266e-01,8.333333333333333703e-01
3.132832080200501079e-01,2.770000000000000240e-01,8.333333333333333703e-01
3.157894736842105088e-01,2.889999999999999791e-01,8.399999999999999689e-01
3.182957393483709096e-01,2.975999999999999757e-01,8.433333333333333792e-01
3.208020050125313105e-01,3.068000000000000171e-01,8.466666666666666785e-01
3.233082706766917114e-01,3.187999999999999723e-01,8.466666666666666785e-01
3.258145363408521122e-01,3.274000000000000243e-01,8.499999999999999778e-01
3.283208020050125131e-01,3.366000000000000103e-01,8.533333333333333881e-01
3.308270676691729140e-01,3.452000000000000068e-01,8.599999999999999867e-01
3.333333333333333148e-01,3.565999999999999726e-01,8.633333333333332860e-01
3.358395989974937157e-01,3.638000000000000123e-01,8.633333333333332860e-01
3.383458646616541166e-01,3.735999999999999877e-01,8.666666666666666963e-01
3.408521303258145174e-01,3.841999999999999860e-01,8.666666666666666963e-01
3.433583959899749183e-01,3.946000000000000063e-01,8.666666666666666963e-01
3.458646616541353191e-01,4.043999999999999817e-01,8.699999999999999956e-01
3.483709273182957200e-01,4.153999999999999915e-01,8.699999999999999956e-01
3.508771929824561209e-01,4.274000000000000021e-01,8.699999999999999956e-01
3.533834586466165217e-01,4.374000000000000110e-01,8.766666666666667052e-01
3.558897243107769226e-01,4.447999999999999732e-01,8.800000000000000044e-01
3.583959899749373235e-01,4.583999999999999742e-01,8.833333333333333037e-01
3.609022556390977243e-01,4.666000000000000147e-01,8.866666666666667140e-01
3.634085213032581252e-01,4.786000000000000254e-01,8.866666666666667140e-01
3.659147869674185261e-01,4.878000000000000114e-01,8.866666666666667140e-01
3.684210526315789269e-01,4.975999999999999868e-01,8.933333333333333126e-01
3.709273182957393278e-01,5.073999999999999622e-01,8.933333333333333126e-01
3.734335839598997286e-01,5.153999999999999693e-01,8.933333333333333126e-01
3.759398496240601295e-01,5.241999999999999993e-01,8.966666666666666119e-01
3.784461152882205304e-01,5.318000000000000504e-01,9.000000000000000222e-01
3.809523809523809312e-01,5.433999999999999941e-01,9.033333333333333215e-01
3.834586466165413321e-01,5.530000000000000471e-01,9.066666666666666208e-01
3.859649122807017330e-01,5.627999999999999670e-01,9.133333333333333304e-01
3.884711779448621338e-01,5.707999999999999741e-01,9.200000000000000400e-01
3.909774436090225347e-01,5.802000000000000490e-01,9.200000000000000400e-01
3.934837092731829356e-01,5.869999999999999662e-01,9.200000000000000400e-01
3.959899749373433364e-01,5.959999999999999742e-01,9.200000000000000400e-01
3.984962406015037373e-01,6.039999999999999813e-01,9.233333333333333393e-01
4.010025062656641381e-01,6.138000000000000123e-01,9.266666666666666385e-01
4.035087719298245390e-01,6.213999999999999524e-01,9.266666666666666385e-01
4.060150375939849399e-01,6.288000000000000256e-01,9.266666666666666385e-01
4.085213032581453407e-01,6.368000000000000327e-01,9.333333333333333481e-01
4.110275689223057416e-01,6.460000000000000187e-01,9.333333333333333481e-01
4.135338345864661425e-01,6.532000000000000028e-01,9.433333333333333570e-01
4.160401002506265433e-01,6.612000000000000099e-01,9.433333333333333570e-01
4.185463659147869442e-01,6.680000000000000382e-01,9.433333333333333570e-01
4.210526315789473450e-01,6.765999999999999792e-01,9.433333333333333570e-01
4.235588972431077459e-01,6.862000000000000322e-01,9.433333333333333570e-01
4.260651629072681468e-01,6.929999999999999494e-01,9.499999999999999556e-01
4.285714285714285476e-01,7.014000000000000234e-01,9.533333333333333659e-01
4.310776942355889485e-01,7.059999999999999609e-01,9.533333333333333659e-01
4.335839598997493494e-01,7.139999999999999680e-01,9.533333333333333659e-01
4.360902255639097502e-01,7.246000000000000218e-01,9.533333333333333659e-01
4.385964912280701511e-01,7.338000000000000078e-01,9.566666666666666652e-01
4.411027568922305520e-01,7.406000000000000361e-01,9.566666666666666652e-01
4.436090225563909528e-01,7.469999999999999973e-01,9.599999999999999645e-01
4.461152882205513537e-01,7.541999999999999815e-01,9.599999999999999645e-01
4.486215538847117545e-01,7.631999999999999895e-01,9.599999999999999645e-01
4.511278195488721554e-01,7.698000000000000398e-01,9.599999999999999645e-01
4.536340852130325563e-01,7.760000000000000231e-01,9.599999999999999645e-01
4.561403508771929571e-01,7.820000000000000284e-01,9.599999999999999645e-01
4.586466165413533580e-01,7.883999999999999897e-01,9.633333333333333748e-01
4.611528822055137589e-01,7.952000000000000179e-01,9.666666666666666741e-01
4.636591478696741597e-01,7.995999999999999774e-01,9.666666666666666741e-01
4.661654135338345606e-01,8.042000000000000259e-01,9.666666666666666741e-01
4.686716791979949615e-01,8.100000000000000533e-01,9.666666666666666741e-01
4.711779448621553623e-01,8.154000000000000137e-01,9.666666666666666741e-01
4.736842105263157632e-01,8.212000000000000410e-01,9.666666666666666741e-01
4.761904761904761640e-01,8.262000000000000455e-01,9.666666666666666741e-01
4.786967418546365649e-01,8.309999999999999609e-01,9.666666666666666741e-01
4.812030075187969658e-01,8.352000000000000535e-01,9.733333333333333837e-01
4.837092731829573666e-01,8.397999999999999909e-01,9.766666666666666829e-01
4.862155388471177675e-01,8.431999999999999496e-01,9.799999999999999822e-01
4.887218045112781684e-01,8.466000000000000192e-01,9.799999999999999822e-01
4.912280701754385692e-01,8.491999999999999549e-01,9.799999999999999822e-01
4.937343358395989701e-01,8.548000000000000043e-01,9.799999999999999822e-01
4.962406015037593709e-01,8.599999999999999867e-01,9.799999999999999822e-01
4.987468671679197718e-01,8.633999999999999453e-01,9.833333333333332815e-01
5.012531328320801727e-01,8.689999999999999947e-01,9.866666666666666918e-01
5.037593984962405180e-01,8.731999999999999762e-01,9.866666666666666918e-01
5.062656641604009744e-01,8.773999999999999577e-01,9.866666666666666918e-01
5.087719298245614308e-01,8.811999999999999833e-01,9.899999999999999911e-01
5.112781954887217761e-01,8.866000000000000547e-01,9.899999999999999911e-01
5.137844611528821215e-01,8.910000000000000142e-01,9.899999999999999911e-01
5.162907268170425779e-01,8.965999999999999526e-01,9.899999999999999911e-01
5.187969924812030342e-01,9.008000000000000451e-01,9.899999999999999911e-01
5.213032581453633796e-01,9.035999999999999588e-01,9.899999999999999911e-01
5.238095238095237249e-01,9.072000000000000064e-01,9.933333333333332904e-01
5.263157894736841813e-01,9.123999999999999888e-01,9.933333333333332904e-01
5.288220551378446377e-01,9.152000000000000135e-01,9.966666666666667007e-01
5.313283208020049830e-01,9.200000000000000400e-01,9.966666666666667007e-01
5.338345864661653284e-01,9.230000000000000426e-01,9.966666666666667007e-01
5.363408521303257848e-01,9.255999999999999783e-01,9.966666666666667007e-01
5.388471177944862411e-01,9.284000000000000030e-01,9.966666666666667007e-01
5.413533834586465865e-01,9.310000000000000497e-01,9.966666666666667007e-01
5.438596491228069318e-01,9.334000000000000075e-01,9.966666666666667007e-01
5.463659147869673882e-01,9.360000000000000542e-01,9.966666666666667007e-01
5.488721804511278446e-01,9.375999999999999890e-01,9.966666666666667007e-01
5.513784461152881899e-01,9.395999999999999908e-01,9.966666666666667007e-01
5.538847117794485353e-01,9.417999999999999705e-01,9.966666666666667007e-01
5.563909774436089917e-01,9.437999999999999723e-01,9.966666666666667007e-01
5.588972431077694480e-01,9.455999999999999961e-01,9.966666666666667007e-01
5.614035087719297934e-01,9.472000000000000419e-01,9.966666666666667007e-01
5.639097744360901387e-01,9.494000000000000217e-01,9.966666666666667007e-01
5.664160401002505951e-01,9.509999999999999565e-01,9.966666666666667007e-01
5.689223057644110515e-01,9.529999999999999583e-01,9.966666666666667007e-01
5.714285714285713969e-01,9.537999999999999812e-01,9.966666666666667007e-01
5.739348370927317422e-01,9.544000000000000261e-01,9.966666666666667007e-01
5.764411027568921986e-01,9.562000000000000499e-01,9.966666666666667007e-01
5.789473684210526550e-01,9.584000000000000297e-01,9.966666666666667007e-01
5.814536340852130003e-01,9.594000000000000306e-01,9.966666666666667007e-01
5.839598997493733457e-01,9.616000000000000103e-01,9.966666666666667007e-01
5.864661654135338020e-01,9.644000000000000350e-01,9.966666666666667007e-01
5.889724310776942584e-01,9.664000000000000368e-01,9.966666666666667007e-01
5.914786967418546038e-01,9.679999999999999716e-01,9.966666666666667007e-01
5.939849624060149491e-01,9.689999999999999725e-01,9.966666666666667007e-01
5.964912280701754055e-01,9.699999999999999734e-01,9.966666666666667007e-01
5.989974937343358619e-01,9.724000000000000421e-01,9.966666666666667007e-01
6.015037593984962072e-01,9.737999999999999989e-01,9.966666666666667007e-01
6.040100250626565526e-01,9.749999999999999778e-01,1.000000000000000000e+00
6.065162907268170089e-01,9.758000000000000007e-01,1.000000000000000000e+00
6.090225563909774653e-01,9.774000000000000465e-01,1.000000000000000000e+00
6.115288220551378107e-01,9.784000000000000474e-01,1.000000000000000000e+00
6.140350877192981560e-01,9.791999999999999593e-01,1.000000000000000000e+00
6.165413533834586124e-01,9.798000000000000043e-01,1.000000000000000000e+00
6.190476190476190688e-01,9.806000000000000272e-01,1.000000000000000000e+00
6.215538847117794141e-01,9.814000000000000501e-01,1.000000000000000000e+00
6.240601503759397595e-01,9.819999999999999840e-01,1.000000000000000000e+00
6.265664160401002158e-01,9.829999999999999849e-01,1.000000000000000000e+00
6.290726817042606722e-01,9.836000000000000298e-01,1.000000000000000000e+00
6.315789473684210176e-01,9.839999999999999858e-01,1.000000000000000000e+00
6.340852130325813629e-01,9.844000000000000528e-01,1.000000000000000000e+00
6.365914786967418193e-01,9.851999999999999647e-01,1.000000000000000000e+00
6.390977443609022757e-01,9.858000000000000096e-01,1.000000000000000000e+00
6.416040100250626210e-01,9.864000000000000545e-01,1.000000000000000000e+00
6.441102756892229664e-01,9.876000000000000334e-01,1.000000000000000000e+00
6.466165413533834228e-01,9.879999999999999893e-01,1.000000000000000000e+00
6.491228070175438791e-01,9.888000000000000123e-01,1.000000000000000000e+00
6.516290726817042245e-01,9.888000000000000123e-01,1.000000000000000000e+00
6.541353383458645698e-01,9.896000000000000352e-01,1.000000000000000000e+00
6.566416040100250262e-01,9.901999999999999691e-01,1.000000000000000000e+00
6.591478696741854826e-01,9.908000000000000140e-01,1.000000000000000000e+00
6.616541353383458279e-01,9.911999999999999700e-01,1.000000000000000000e+00
6.641604010025061733e-01,9.916000000000000369e-01,1.000000000000000000e+00
6.666666666666666297e-01,9.919999999999999929e-01,1.000000000000000000e+00
6.691729323308270860e-01,9.923999999999999488e-01,1.000000000000000000e+00
6.716791979949874314e-01,9.923999999999999488e-01,1.000000000000000000e+00
6.741854636591477767e-01,9.929999999999999938e-01,1.000000000000000000e+00
6.766917293233082331e-01,9.941999999999999726e-01,1.000000000000000000e+00
6.791979949874686895e-01,9.943999999999999506e-01,1.000000000000000000e+00
6.817042606516290348e-01,9.948000000000000176e-01,1.000000000000000000e+00
6.842105263157893802e-01,9.949999999999999956e-01,1.000000000000000000e+00
6.867167919799498366e-01,9.953999999999999515e-01,1.000000000000000000e+00
6.892230576441102929e-01,9.956000000000000405e-01,1.000000000000000000e+00
6.917293233082706383e-01,9.958000000000000185e-01,1.000000000000000000e+00
6.942355889724309836e-01,9.959999999999999964e-01,1.000000000000000000e+00
6.967418546365914400e-01,9.963999999999999524e-01,1.000000000000000000e+00
6.992481203007518964e-01,9.966000000000000414e-01,1.000000000000000000e+00
7.017543859649122417e-01,9.966000000000000414e-01,1.000000000000000000e+00
7.042606516290725871e-01,9.966000000000000414e-01,1.000000000000000000e+00
7.067669172932330435e-01,9.966000000000000414e-01,1.000000000000000000e+00
7.092731829573934998e-01,9.966000000000000414e-01,1.000000000000000000e+00
7.117794486215538452e-01,9.966000000000000414e-01,1.000000000000000000e+00
7.142857142857141906e-01,9.966000000000000414e-01,1.000000000000000000e+00
7.167919799498746469e-01,9.968000000000000194e-01,1.000000000000000000e+00
7.192982456140351033e-01,9.968000000000000194e-01,1.000000000000000000e+00
7.218045112781954487e-01,9.971999999999999753e-01,1.000000000000000000e+00
7.243107769423557940e-01,9.973999999999999533e-01,1.000000000000000000e+00
7.268170426065162504e-01,9.973999999999999533e-01,1.000000000000000000e+00
7.293233082706767068e-01,9.973999999999999533e-01,1.000000000000000000e+00
7.318295739348370521e-01,9.976000000000000423e-01,1.000000000000000000e+00
7.343358395989973975e-01,9.976000000000000423e-01,1.000000000000000000e+00
7.368421052631578538e-01,9.976000000000000423e-01,1.000000000000000000e+00
7.393483709273183102e-01,9.978000000000000203e-01,1.000000000000000000e+00
7.418546365914786556e-01,9.979999999999999982e-01,1.000000000000000000e+00
7.443609022556390009e-01,9.979999999999999982e-01,1.000000000000000000e+00
7.468671679197994573e-01,9.979999999999999982e-01,1.000000000000000000e+00
7.493734335839599137e-01,9.979999999999999982e-01,1.000000000000000000e+00
7.518796992481202590e-01,9.979999999999999982e-01,1.000000000000000000e+00
7.543859649122806044e-01,9.979999999999999982e-01,1.000000000000000000e+00
7.568922305764410607e-01,9.983999999999999542e-01,1.000000000000000000e+00
7.593984962406015171e-01,9.986000000000000432e-01,1.000000000000000000e+00
7.619047619047618625e-01,9.988000000000000211e-01,1.000000000000000000e+00
7.644110275689222078e-01,9.989999999999999991e-01,1.000000000000000000e+00
7.669172932330826642e-01,9.993999999999999551e-01,1.000000000000000000e+00
7.694235588972431206e-01,9.993999999999999551e-01,1.000000000000000000e+00
7.719298245614034659e-01,9.993999999999999551e-01,1.000000000000000000e+00
7.744360902255638113e-01,9.993999999999999551e-01,1.000000000000000000e+00
7.769423558897242676e-01,9.993999999999999551e-01,1.000000000000000000e+00
7.794486215538847240e-01,9.993999999999999551e-01,1.000000000000000000e+00
7.819548872180450694e-01,9.993999999999999551e-01,1.000000000000000000e+00
7.844611528822054147e-01,9.993999999999999551e-01,1.000000000000000000e+00
7.869674185463658711e-01,9.993999999999999551e-01,1.000000000000000000e+00
7.894736842105263275e-01,9.993999999999999551e-01,1.000000000000000000e+00
7.919799498746866728e-01,9.996000000000000441e-01,1.000000000000000000e+00
7.944862155388470182e-01,9.998000000000000220e-01,1.000000000000000000e+00
7.969924812030074746e-01,9.998000000000000220e-01,1.000000000000000000e+00
7.994987468671679309e-01,9.998000000000000220e-01,1.000000000000000000e+00
8.020050125313282763e-01,9.998000000000000220e-01,1.000000000000000000e+00
8.045112781954886216e-01,1.000000000000000000e+00,1.000000000000000000e+00
8.070175438596490780e-01,1.000000000000000000e+00,1.000000000000000000e+00
8.095238095238095344e-01,1.000000000000000000e+00,1.000000000000000000e+00
8.120300751879698797e-01,1.000000000000000000e+00,1.000000000000000000e+00
8.145363408521302251e-01,1.000000000000000000e+00,1.000000000000000000e+00
8.170426065162906815e-01,1.000000000000000000e+00,1.000000000000000000e+00
8.195488721804511378e-01,1.000000000000000000e+00,1.000000000000000000e+00
8.220551378446114832e-01,1.000000000000000000e+00,1.000000000000000000e+00
8.245614035087718285e-01,1.000000000000000000e+00,1.000000000000000000e+00
8.270676691729322849e-01,1.000000000000000000e+00,1.000000000000000000e+00
8.295739348370927413e-01,1.000000000000000000e+00,1.000000000000000000e+00
8.320802005012530866e-01,1.000000000000000000e+00,1.000000000000000000e+00
8.345864661654134320e-01,1.000000000000000000e+00,1.000000000000000000e+00
8.370927318295738884e-01,1.000000000000000000e+00,1.000000000000000000e+00
8.395989974937343447e-01,1.000000000000000000e+00,1.000000000000000000e+00
8.421052631578946901e-01,1.000000000000000000e+00,1.000000000000000000e+00
8.446115288220550354e-01,1.000000000000000000e+00,1.000000000000000000e+00
8.471177944862154918e-01,1.000000000000000000e+00,1.000000000000000000e+00
8.496240601503759482e-01,1.000000000000000000e+00,1.000000000000000000e+00
8.521303258145362935e-01,1.000000000000000000e+00,1.000000000000000000e+00
8.546365914786966389e-01,1.000000000000000000e+00,1.000000000000000000e+00
8.571428571428570953e-01,1.000000000000000000e+00,1.000000000000000000e+00
8.596491228070175517e-01,1.000000000000000000e+00,1.000000000000000000e+00
8.621553884711778970e-01,1.000000000000000000e+00,1.000000000000000000e+00
8.646616541353382424e-01,1.000000000000000000e+00,1.000000000000000000e+00
8.671679197994986987e-01,1.000000000000000000e+00,1.000000000000000000e+00
8.696741854636591551e-01,1.000000000000000000e+00,1.000000000000000000e+00
8.721804511278195005e-01,1.000000000000000000e+00,1.000000000000000000e+00
8.746867167919798458e-01,1.000000000000000000e+00,1.000000000000000000e+00
8.771929824561403022e-01,1.000000000000000000e+00,1.000000000000000000e+00
8.796992481203007586e-01,1.000000000000000000e+00,1.000000000000000000e+00
8.822055137844611039e-01,1.000000000000000000e+00,1.000000000000000000e+00
8.847117794486214493e-01,1.000000000000000000e+00,1.000000000000000000e+00
8.872180451127819056e-01,1.000000000000000000e+00,1.000000000000000000e+00
8.897243107769423620e-01,1.000000000000000000e+00,1.000000000000000000e+00
8.922305764411027074e-01,1.000000000000000000e+00,1.000000000000000000e+00
8.947368421052630527e-01,1.000000000000000000e+00,1.000000000000000000e+00
8.972431077694235091e-01,1.000000000000000000e+00,1.000000000000000000e+00
8.997493734335839655e-01,1.000000000000000000e+00,1.000000000000000000e+00
9.022556390977443108e-01,1.000000000000000000e+00,1.000000000000000000e+00
9.047619047619046562e-01,1.000000000000000000e+00,1.000000000000000000e+00
9.072681704260651125e-01,1.000000000000000000e+00,1.000000000000000000e+00
9.097744360902255689e-01,1.000000000000000000e+00,1.000000000000000000e+00
9.122807017543859143e-01,1.000000000000000000e+00,1.000000000000000000e+00
9.147869674185462596e-01,1.000000000000000000e+00,1.000000000000000000e+00
9.172932330827067160e-01,1.000000000000000000e+00,1.000000000000000000e+00
9.197994987468671724e-01,1.000000000000000000e+00,1.000000000000000000e+00
9.223057644110275177e-01,1.000000000000000000e+00,1.000000000000000000e+00
9.248120300751878631e-01,1.000000000000000000e+00,1.000000000000000000e+00
9.273182957393483195e-01,1.000000000000000000e+00,1.000000000000000000e+00
9.298245614035087758e-01,1.000000000000000000e+00,1.000000000000000000e+00
9.323308270676691212e-01,1.000000000000000000e+00,1.000000000000000000e+00
9.348370927318294665e-01,1.000000000000000000e+00,1.000000000000000000e+00
9.373433583959899229e-01,1.000000000000000000e+00,1.000000000000000000e+00
9.398496240601503793e-01,1.000000000000000000e+00,1.000000000000000000e+00
9.423558897243107246e-01,1.000000000000000000e+00,1.000000000000000000e+00
9.448621553884710700e-01,1.000000000000000000e+00,1.000000000000000000e+00
9.473684210526315264e-01,1.000000000000000000e+00,1.000000000000000000e+00
9.498746867167919827e-01,1.000000000000000000e+00,1.000000000000000000e+00
9.523809523809523281e-01,1.000000000000000000e+00,1.000000000000000000e+00
9.548872180451126734e-01,1.000000000000000000e+00,1.000000000000000000e+00
9.573934837092731298e-01,1.000000000000000000e+00,1.000000000000000000e+00
9.598997493734335862e-01,1.000000000000000000e+00,1.000000000000000000e+00
9.624060150375939315e-01,1.000000000000000000e+00,1.000000000000000000e+00
9.649122807017542769e-01,1.000000000000000000e+00,1.000000000000000000e+00
9.674185463659147333e-01,1.000000000000000000e+00,1.000000000000000000e+00
9.699248120300751896e-01,1.000000000000000000e+00,1.000000000000000000e+00
9.724310776942355350e-01,1.000000000000000000e+00,1.000000000000000000e+00
9.749373433583958803e-01,1.000000000000000000e+00,1.000000000000000000e+00
9.774436090225563367e-01,1.000000000000000000e+00,1.000000000000000000e+00
9.799498746867167931e-01,1.000000000000000000e+00,1.000000000000000000e+00
9.824561403508771384e-01,1.000000000000000000e+00,1.000000000000000000e+00
9.849624060150374838e-01,1.000000000000000000e+00,1.000000000000000000e+00
9.874686716791979402e-01,1.000000000000000000e+00,1.000000000000000000e+00
9.899749373433583965e-01,1.000000000000000000e+00,1.000000000000000000e+00
9.924812030075187419e-01,1.000000000000000000e+00,1.000000000000000000e+00
9.949874686716790873e-01,1.000000000000000000e+00,1.000000000000000000e+00
9.974937343358395436e-01,1.000000000000000000e+00,1.000000000000000000e+00
1.000000000000000000e+00,1.000000000000000000e+00,1.000000000000000000e+00
